VehicleID,Amount (Million Naira)
VHL18518,7.3504824748997635
VHL17149,11.331889416669583
VHL10927,-0.9994574438319432
VHL12909,9.32451683966201
VHL12348,13.594838717373023
VHL10798,22.62969843468136
VHL11022,-6.712105604152384
VHL12206,9.93808536958204
VHL11697,24.343440802206715
VHL12313,13.751805909435461
VHL13411,26.49816444946009
VHL14334,-2.355009134480497
VHL14302,16.061502352686603
VHL13979,3.1227894628341346
VHL12272,-7.108786054358916
VHL15071,21.014579485502964
VHL19166,2.665121713675944
VHL10471,2.887375081616028
VHL18431,7.463215099779518
VHL12325,11.78158069671872
VHL15657,7.149859501318133
VHL13667,22.76286677471444
VHL18913,8.960758693833668
VHL13273,2.9785135986039677
VHL16576,-12.704542172028141
VHL15506,1.9724868697235252
VHL10460,43.68912913974464
VHL16050,7.121816140952433
VHL17918,17.25326065349418
VHL12992,13.767486715086761
VHL10261,9.297773487858649
VHL18348,16.550090098379314
VHL11577,15.351694144137127
VHL16957,-1.8267261193950617
VHL16165,25.44606013985458
VHL11441,1.0421973792704193
VHL19990,-3.9656113091145926
VHL14072,-0.0024605168309790315
VHL13637,-11.586989952536896
VHL10757,7.4283015855180565
VHL12657,13.688471192784164
VHL19939,19.88572835124387
VHL12094,16.115117212216774
VHL17177,0.10640543843055639
VHL16720,16.67998741381507
VHL11478,30.558981384197978
VHL14386,20.201997012167794
VHL11341,24.404996086247593
VHL18683,22.68275700272534
VHL13430,19.85214131803741
VHL18932,-4.85787281769899
VHL17505,9.51621198888597
VHL16272,2.396755362980457
VHL14777,8.164685581735284
VHL13186,14.18504639556113
VHL19383,-11.837182574759936
VHL14605,15.565879571169262
VHL11440,20.37371850967611
VHL14303,17.85190739175232
VHL19478,8.845411383746523
VHL17837,-0.12873258669333154
VHL12824,6.272719593473539
VHL17476,5.995269376944634
VHL18988,-6.946185609109307
VHL19482,8.972565575663793
VHL13263,7.161697645399272
VHL17078,18.156342044586836
VHL19170,8.447383299909234
VHL18070,-9.52420269846698
VHL18061,24.74882747834772
VHL10726,-1.980821183797616
VHL19212,7.219428168996274
VHL13283,-5.138240514822883
VHL14023,17.081232650358288
VHL16973,33.36424323611482
VHL19653,17.664186445227642
VHL18605,20.16160383500346
VHL13287,15.071685505770802
VHL15719,-11.476743488104148
VHL19636,16.23232717365454
VHL11009,11.47629816540666
VHL18087,11.579801822559148
VHL14422,13.22710785414074
VHL15789,24.223313795255763
VHL12369,9.063634388839546
VHL15812,3.061739632095396
VHL18767,45.49070464707256
VHL19271,27.3279426493782
VHL17403,4.33680176756161
VHL12967,6.479977767482978
VHL19998,12.82432794635588
VHL12336,9.281184057718292
VHL10328,-6.200676143068449
VHL18908,-6.120692969337142
VHL11127,17.70434818824151
VHL12655,24.194013766708395
VHL19086,44.43629257067323
VHL10384,27.48123148126433
VHL15712,21.24282905526934
VHL11054,25.478735023340505
VHL16505,15.408025335924322
VHL10534,-5.292934526636145
VHL14120,3.773711805304174
VHL10206,12.806519683774695
VHL13595,17.218332444830594
VHL15887,6.797874431647415
VHL12672,5.94380921154152
VHL19770,5.191874652171009
VHL13026,21.945751953664967
VHL12635,11.544302678957592
VHL14014,7.352846908773699
VHL19238,2.9116237745897706
VHL18156,9.910121763288771
VHL13087,16.704289211749256
VHL13743,-9.250665779180054
VHL19323,41.2795002768421
VHL16129,13.976293593379978
VHL17626,2.5011909406471204
VHL14525,-8.92756864981402
VHL15597,37.67094754082518
VHL19429,12.887550019162063
VHL14074,19.89577136310436
VHL17422,43.53251228767431
VHL11861,22.537898054311427
VHL19828,23.728114955486944
VHL14000,1.8152209208706154
VHL12312,6.354961008637929
VHL16257,-7.019743615900552
VHL14859,4.38288734189473
VHL16048,-4.490022074861827
VHL14039,-3.0511202945876903
VHL10296,-5.421524786637292
VHL14949,-8.364648959407532
VHL17034,26.30603224746892
VHL17149,24.078928502253802
VHL19677,9.00031704554658
VHL14433,4.451450054756606
VHL16582,14.099286805632346
VHL10059,21.75083238800562
VHL17140,22.03399843728039
VHL10364,6.873514542802241
VHL16932,4.2217817824084705
VHL18587,20.76660362530083
VHL13635,-12.81804505658738
VHL18371,22.103906142487176
VHL19622,15.654762019679765
VHL18669,23.66001712937168
VHL17359,-6.419638710417985
VHL19788,17.327824542400776
VHL19078,18.917596110960858
VHL12673,6.865840714920523
VHL17895,-8.471865263944437
VHL18950,25.324036225340933
VHL13562,25.110611896181126
VHL11306,27.583909183090782
VHL15496,4.485261613094281
VHL11927,21.219776789562275
VHL10392,26.40937203851172
VHL14124,-1.699501661112663
VHL12586,7.176248248391403
VHL12895,1.371394036093534
VHL18481,5.028472779558342
VHL11310,-2.3580937937440467
VHL15810,5.793817721989399
VHL16037,8.980083845911395
VHL19627,28.201955983881817
VHL11152,13.50589693019856
VHL17698,26.55543591704054
VHL19815,38.354557634097546
VHL18192,1.0233308511183168
VHL19720,4.765700611354532
VHL11686,15.162168437718265
VHL18649,10.629490081800668
VHL12765,12.953408503101855
VHL10026,25.64704634480222
VHL11001,17.282488923775418
VHL13433,23.095871986729435
VHL17827,-2.898338682216945
VHL12344,3.788449864947779
VHL17308,32.28191958429079
VHL18722,-3.945728387987856
VHL17199,12.360272136560525
VHL15338,-2.1366834717678103
VHL16946,13.956495567418642
VHL11039,-8.734290690207672
VHL18017,23.008767661241563
VHL15945,19.801217657007783
VHL14724,5.425237762139204
VHL15314,27.87433221027095
VHL14276,10.720275393250176
VHL17883,1.9280478155988021
VHL14385,28.744327697180324
VHL18665,-6.936148648931976
VHL15936,32.21382383824857
VHL19518,8.350657476300967
VHL13530,1.3182547811293261
VHL17861,-15.334826469107611
VHL10966,25.52622520256591
VHL11652,12.226928630312159
VHL16641,29.20719664221224
VHL12017,14.19016446000478
VHL14856,8.261818251020031
VHL16801,3.497039600543758
VHL16814,26.84661879676287
VHL13748,1.8067847367010472
VHL13104,26.095900109370177
VHL10022,27.70940664694581
VHL14787,8.880959751085811
VHL19015,11.700032287117665
VHL11089,14.237406736364392
VHL13873,5.8962960704188845
VHL15486,22.92325163423675
VHL13253,-9.237175380252665
VHL15232,-4.585207359468313
VHL18914,19.79264108703501
VHL14922,4.7512424359442775
VHL14541,3.2284999199500817
VHL15820,19.969036284848244
VHL10710,7.522784206558754
VHL11752,-2.8843412163282665
VHL13868,8.085607123415684
VHL17442,27.51788377176399
VHL14571,18.828666529889233
VHL17155,6.343452338779116
VHL11093,12.870923954188129
VHL18280,6.307926783687435
VHL18425,8.52751073981517
VHL10175,-7.02641219910447
VHL15307,14.534803536877462
VHL18062,9.33719713085884
VHL18972,-0.5719086636736392
VHL11185,16.480682649094433
VHL10343,13.85417008464674
VHL10450,5.29390704105208
VHL19621,7.1944034643302075
VHL14502,7.281203673937398
VHL12768,6.214351004005039
VHL19922,16.163788788369857
VHL10824,9.068712625750322
VHL16646,18.58508859122867
VHL15462,8.512102240867534
VHL15801,13.490724362700348
VHL10322,14.680314845475095
VHL15613,-5.982670211054483
VHL17756,5.046580737489876
VHL16186,22.06160445276373
VHL19061,0.5883342622014425
VHL13446,23.545829900816443
VHL10599,17.33949848324255
VHL18255,18.29196857263878
VHL17948,23.38208397222479
VHL17616,-23.022943435954403
VHL17664,30.850638365357554
VHL18299,7.424871050474394
VHL18959,18.305804054893088
VHL10473,17.45308250999733
VHL17271,23.930815729173446
VHL19798,9.805627368692058
VHL17935,29.49287194094768
VHL10245,24.42440030736725
VHL15041,4.146167850579786
VHL15001,13.859483404393814
VHL16287,-11.87251301602464
VHL13974,30.60795907064721
VHL15764,18.205952652788255
VHL18888,2.033014931389971
VHL14882,22.76003140762805
VHL19424,3.424751049121369
VHL13785,45.02153247325032
VHL10783,17.086913469117462
VHL19808,4.222718024380811
VHL18890,16.67998741381507
VHL13440,2.224167908109848
VHL13285,17.211053618880214
VHL18805,26.507594911965043
VHL18550,-2.2953731019715633
VHL10061,9.023650427876873
VHL18522,27.80526502479279
VHL16813,7.173253015736009
VHL11036,20.139430654760872
VHL12107,30.487572199504484
VHL17826,25.655158534405928
VHL14449,-8.808571323939304
VHL14938,-0.04505117671442349
VHL14098,22.55762127107073
VHL19241,2.0972469252287738
VHL17856,5.4348404551433305
VHL18900,7.015734648722628
VHL11133,16.996256074738994
VHL11687,21.02467860133129
VHL12719,-6.597077765424729
VHL15531,-2.21170578410738
VHL17329,44.23172645316117
VHL16806,-17.60277551476156
VHL11582,-7.638902371654694
VHL16362,1.328850215867078
VHL11119,7.957728575589499
VHL13806,26.421381728135657
VHL11733,-15.273236267926677
VHL18959,42.909224832148084
VHL17287,0.11970148237787726
VHL11709,7.005845931366366
VHL19793,2.6568264904231
VHL19880,-0.1038376342958145
VHL19964,24.09575709592218
VHL12784,18.267545322721162
VHL17371,15.30729216186819
VHL12439,-12.379970601106379
VHL16652,11.42791927448934
VHL17836,22.346479082771566
VHL16597,21.90965255622268
VHL18707,16.061502352686603
VHL16683,15.939336412253851
VHL15365,-1.6807948448927164
VHL13507,5.478287210203234
VHL14459,24.419985855752202
VHL19300,0.501114776684517
VHL18418,4.667097188257685
VHL15350,5.964103972090925
VHL15927,4.218453604851675
VHL12985,23.6630769759372
VHL10426,41.21934748360127
VHL10506,10.74783201033597
VHL11042,25.41368547395541
VHL18043,2.640797154901975
VHL16258,17.57637087260582
VHL19326,8.612545991873048
VHL15424,18.87065875266626
VHL19014,12.308364455557694
VHL11310,9.891222513402681
VHL12927,3.0786716469306157
VHL10082,11.043536413976199
VHL10068,17.99962724032639
VHL13660,3.2502204970660387
VHL18810,12.628080938676703
VHL17666,30.838734535439016
VHL18022,6.33606401590805
VHL11237,20.881247988373616
VHL17240,22.30527254800154
VHL13512,13.089485943050931
VHL10596,34.041475719869595
VHL10073,25.59600920646062
VHL13719,-4.86839984549033
VHL10077,-18.098442867249105
VHL13151,0.490680700611847
VHL12499,10.589548248594383
VHL18832,24.49909116502431
VHL16790,14.452155045898053
VHL13880,29.826746403246034
VHL19448,8.643967539191635
VHL15860,4.020530537593913
VHL14538,8.157862259728972
VHL16505,9.132682515334636
VHL11544,24.551501199996892
VHL19830,15.645955963220786
VHL10194,9.58347095902991
VHL15744,0.48062911677197917
VHL10957,12.176335441132323
VHL12568,-3.5775937615612747
VHL19448,17.409219745323753
VHL14417,-13.152696876607934
VHL10368,21.374946455736335
VHL10806,-0.8299398550821024
VHL17414,13.673457828946084
VHL14892,-3.1831591158124866
VHL17933,16.72295536156389
VHL15852,22.249463861636286
VHL10505,24.916869992722695
VHL18345,26.62994660451932
VHL13294,11.158743269295883
VHL18253,18.156912479420498
VHL17152,13.231529591209437
VHL12883,38.189053239268105
VHL16101,15.909839157519855
VHL15563,16.87348645694874
VHL10313,8.011889782750586
VHL18291,-17.57764207970513
VHL13553,14.891937283468451
VHL11440,1.3687989086074595
VHL15887,19.927616343938553
VHL17489,21.441809038660722
VHL16271,9.842487175945735
VHL15007,27.89766656244865
VHL15329,16.73467303651296
VHL13826,2.3223220533996027
VHL11568,8.960829352759902
VHL13578,7.0999540590178185
VHL16302,-7.662801551427492
VHL12677,8.572485647844587
VHL18866,-0.6253324217277623
VHL11976,8.464912490298047
VHL17817,30.816802603292672
VHL16893,6.878716898012499
VHL11075,-13.273785678035438
VHL14865,20.939454803355602
VHL13535,8.482085435395675
VHL16299,26.74190205568584
VHL19327,-8.037921003337487
VHL10055,5.027327786156093
VHL14258,8.729278967226037
VHL11527,-1.2549899583236765
VHL17682,-7.223536811837221
VHL10073,-8.251751196385612
VHL14599,25.836049206904136
VHL15495,2.810750793054467
VHL13387,-0.5576889932854101
VHL19505,6.083687805818045
VHL16307,-1.3960838796028838
VHL11034,37.78132395274997
VHL13625,6.248024516568876
VHL19623,7.385710875926179
VHL10838,-2.628755224532142
VHL11711,10.249799718973009
VHL14148,10.04109564096143
VHL15745,-8.995962651375066
VHL15705,2.3301738142699833
VHL14767,23.082120123395725
VHL10108,3.3542032192226543
VHL17818,-0.835418794385987
VHL18324,9.642048029225862
VHL19741,19.449943387616713
VHL11815,14.761368527989362
VHL18939,16.594772734443723
VHL18042,-9.426889733444568
VHL13176,-7.5450144999672375
VHL16859,9.199502537864646
VHL14405,-0.8715851052265862
VHL14751,20.021078261866023
VHL18416,1.8907536738815907
VHL13952,13.231529591209437
VHL14726,3.0927891076476044
VHL11889,13.751805909435461
VHL12851,23.048999756610556
VHL12862,9.81224952044704
VHL14262,4.058598563672149
VHL13520,8.719801937407738
VHL14967,3.6072849377442253
VHL14728,3.9982469700648835
VHL15340,16.011783042727984
VHL14760,7.145305586321683
VHL18498,-2.3322893324043434
VHL18440,5.176027809467996
VHL18477,14.503272360105257
VHL16456,10.431016673036538
VHL19596,-4.423158926744236
VHL19616,20.10933599327109
VHL12885,24.29979333535175
VHL13080,-13.015500217309182
VHL10988,15.936433123082224
VHL16251,-2.0567352720781855
VHL16941,13.129357173597327
VHL19708,14.160003106396744
VHL13116,25.8095117284347
VHL17823,7.469955695190492
VHL14587,16.121310784551042
VHL16807,3.519695883807799
VHL15706,8.077115588145261
VHL19568,15.823804787750305
VHL12877,27.380191098013256
VHL16412,-12.61656610109867
VHL18036,37.01320301665555
VHL16860,19.44609118252083
VHL14755,-3.071993133441083
VHL19234,24.471229210525962
VHL13272,-5.310278369729076
VHL16892,-4.666702087629346
VHL17413,20.671180499898128
VHL18817,-5.70772792206435
VHL11681,12.61575482974149
VHL10192,26.12248804941828
VHL16374,12.717489162220318
VHL17630,13.515109070260678
VHL15610,-9.792893341938452
VHL11364,2.9446013955039234
VHL13136,21.239422661953995
VHL10038,10.61561715607877
VHL12580,13.729873712044537
VHL14253,4.340242132039748
VHL17421,26.931764091099012
VHL15458,-5.087529333560269
VHL12574,10.80745554826808
VHL14109,15.65953433700497
VHL15943,8.41564840858291
VHL17404,2.4942062438340145
VHL14940,19.206091707901578
VHL16625,21.05334500466779
VHL12066,1.9533676414152978
VHL12899,5.660145206762536
VHL11652,11.491989413805186
VHL17554,43.834021406250486
VHL11567,11.455947100225785
VHL10163,6.762650139773086
VHL10355,17.61219469966909
VHL12041,0.19793018521068007
VHL13416,16.570375018321556
VHL15974,-11.783143877568818
VHL12082,3.1100400376358266
VHL12319,-4.251780262302873
VHL12556,6.228592263485098
VHL18675,7.343589879314095
VHL13381,-3.843454459601162
VHL14325,43.70637117048136
VHL15875,10.3306664493266
VHL10638,4.944961149032679
VHL10544,11.422543839776608
VHL11654,0.2947712398195108
VHL14423,-8.850850016329332
VHL14569,14.696433599221109
VHL15007,-10.19014818071264
VHL18221,18.044906308720783
VHL10785,-5.187016195327487
VHL16546,9.500574872080506
VHL19173,13.550017294631743
VHL11731,15.80974405336383
VHL18180,3.5873601240955395
VHL19452,5.694942931446349
VHL16163,14.497775776163508
VHL14877,5.708520870740813
VHL10102,42.27504368233849
VHL16046,22.023825461801607
VHL13684,23.859992532551587
VHL18749,43.72588597070535
VHL15304,16.94620293286198
VHL10117,29.540452926090893
VHL19957,-10.509660874992733
VHL19132,-31.799106945964013
VHL15383,15.033166017231451
VHL10136,21.293741085378315
VHL17919,0.679072643436939
VHL11444,-4.924068021441599
VHL18795,18.58897373482705
VHL12062,12.681867637129471
VHL15890,12.658095692937877
VHL17372,30.252885292122755
VHL12038,16.588980484810236
VHL19368,-7.425054715282386
VHL10476,4.32755336087348
VHL14079,-1.6335240797247934
VHL10401,6.968821051482337
VHL12810,32.50110906869122
VHL19466,-9.931111009419965
VHL15757,9.022398396431527
VHL15894,-3.479613908177271
VHL18056,14.150552489240454
VHL16634,4.3545522045396865
VHL16608,6.307926783687435
VHL19831,5.154319047696845
VHL13863,17.708218467459574
VHL11159,3.2430176231023324
VHL15412,10.257351769143952
VHL10730,-0.148365014724277
VHL17248,-1.1440696843869773
VHL16421,19.2531762710787
VHL11328,8.545521773743985
VHL18439,19.911827970199738
VHL12340,14.027681393195053
VHL10461,4.382431275264935
VHL15024,5.902580289054185
VHL11850,24.32510824532892
VHL16423,23.637203132183004
VHL16427,18.985990665969894
VHL13444,-6.114748665374009
VHL16609,-5.739193884124234
VHL11522,21.03561061041046
VHL11433,25.71703632821118
VHL15853,-8.481862683968302
VHL14168,8.946289532002083
VHL19004,15.09039332199518
VHL10827,30.847610805916247
VHL19998,5.246992302389572
VHL14997,0.526532878724538
VHL15827,14.288608151456629
VHL18844,-1.9414230995134858
VHL10076,13.285444981985165
VHL16342,-1.2341197125260805
VHL19420,8.29231190532073
VHL12762,-0.15402676758913003
VHL16916,-5.237062927338684
VHL10660,5.635865476308027
VHL18142,20.275141215214717
VHL13721,0.7241977299058817
VHL18101,7.7639790355647165
VHL11732,-5.796229823368321
VHL14351,1.745170431531733
VHL16617,4.913856225529798
VHL13840,7.755629683918414
VHL10596,2.6314922617671073
VHL19148,-7.3653479778358815
VHL16845,16.987651501478922
VHL17262,14.316251903422653
VHL17801,12.07185514832554
VHL18039,21.941988749362736
VHL15369,14.052074982497288
VHL14483,0.2855830920370863
VHL19700,17.2302251876813
VHL15877,20.49179632648611
VHL15552,16.743665302721183
VHL18756,18.535734089542075
VHL10301,20.74928964765195
VHL17678,5.654869001331463
VHL17604,-7.89729004992796
VHL17969,43.63850372723482
VHL17089,16.222042562951174
VHL13239,37.81953961401405
VHL12466,10.686802903970147
VHL16020,20.375656777119275
VHL15014,11.011863390132476
VHL13302,8.396584117450402
VHL17986,7.482969102137304
VHL14724,12.809589051355943
VHL15147,2.729333234583464
VHL15325,9.438976260093568
VHL16131,10.917938109130318
VHL14868,2.650277466964326
VHL15382,23.81607119320506
VHL12164,9.805627368692058
VHL11723,2.7580186893974314
VHL14888,5.0527002030357835
VHL17997,4.833450573041773
VHL11576,9.961127468556242
VHL16048,4.8320539431415455
VHL17795,8.915200279303917
VHL15642,3.547249832972284
VHL13953,8.292572325467063
VHL10189,21.50402008227593
VHL13338,4.561870938649463
VHL19247,43.1845406020625
VHL16429,23.72126374136724
VHL10272,-2.0720209634910134
VHL12716,8.122890520962756
VHL12652,22.47589628945161
VHL13545,23.60738651235215
VHL11323,9.343761022133549
VHL15121,23.408636094296526
VHL17568,23.30332162133982
VHL11886,8.949167464782477
VHL17402,20.07964635856888
VHL10243,6.9783795171706515
VHL13407,2.663229957935073
VHL12149,-5.91407797622287
VHL11037,15.27620321105087
VHL17924,14.003561113036085
VHL12180,20.88034676172265
VHL14683,9.364640065058666
VHL18920,6.702343104328975
VHL12024,1.9768955758677293
VHL13968,42.87092621489455
VHL11079,-9.709841046185375
VHL14355,-9.744096719968184
VHL11824,-6.38361823851983
VHL19942,3.075908991144388
VHL12917,26.950530512633122
VHL15326,37.50272269734887
VHL13585,-0.006254746854665427
VHL12069,5.563534143828747
VHL17056,17.21266392557436
VHL10515,11.107650438800192
VHL16435,-0.6517123834328231
VHL17564,-10.696514164863402
VHL18798,2.9699086774035095
VHL10222,7.924078665347224
VHL17645,7.918047719900642
VHL10810,-2.6739866551670275
VHL14216,5.624390015774679
VHL13799,3.5947335222617767
VHL19965,6.5745701454138725
VHL18568,14.96894518471845
VHL17957,5.06054366557737
VHL11023,9.579896261430804
VHL17797,4.461942117496619
VHL16174,15.403723096688736
VHL15112,-0.7706319109506694
VHL10167,7.510672125254132
VHL18749,3.455429660052687
VHL16276,9.332797624475006
VHL15593,24.921657589641654
VHL18474,11.462842358348098
VHL13000,6.521292696603268
VHL10796,17.311545515911348
VHL16443,36.27080546584375
VHL13954,13.436801876114714
VHL12761,17.835628471817472
VHL17916,11.903173432934636
VHL13145,19.085213310410836
VHL19331,24.33378522515204
VHL15623,18.77020797079831
VHL13922,22.68524503742583
VHL11222,10.381493725024939
VHL15425,16.806059575502786
VHL19072,-1.6153448962350012
VHL18649,13.757305192093554
VHL14730,-15.549379071270323
VHL12512,24.008374728102808
VHL18486,-10.884670975820882
VHL13182,14.068074570359386
VHL19735,12.554439076347535
VHL13370,28.996882141774222
VHL15038,24.404996086247593
VHL13034,10.817332631484987
VHL16581,20.813694667135678
VHL12113,18.786296225524893
VHL16914,19.03650085748768
VHL18231,19.522072256596857
VHL14192,6.6700511307985835
VHL10404,5.3179470151089845
VHL10084,16.314746908078178
VHL13855,27.15526118220987
VHL14027,0.5764507546996356
VHL16209,8.105352006988142
VHL11144,36.35475778819773
VHL18646,8.373825231527917
VHL16431,9.984795560729708
VHL16873,2.4997332286711753
VHL19594,15.323472930954722
VHL18630,10.149483927701567
VHL17288,9.810493705087083
VHL13113,13.997057586901064
VHL18865,19.657318407716502
VHL18260,8.700686992246574
VHL13198,1.1959658627470162
VHL11475,2.009421057940017
VHL18584,21.566545148215937
VHL14768,30.0944372443073
VHL16073,7.722501177593131
VHL15742,8.261998694546492
VHL18879,-6.125946061001287
VHL12038,10.148714916056633
VHL19728,21.511953696107412
VHL17986,-9.808864185320544
VHL18819,-5.7703957690796415
VHL12225,-11.57607568803951
VHL19157,10.275964252580707
VHL19615,8.10279191771724
VHL17175,3.6682053873046243
VHL13050,19.25181020919672
VHL13123,-8.022957884116295
VHL16065,-7.380485409623816
VHL12484,-3.5828897862011218
VHL11338,19.21998676499652
VHL17289,2.1097715371315644
VHL15447,2.955511291411767
VHL18803,10.548897361144554
VHL18294,7.864685938331604
VHL15133,3.347224425714103
VHL10657,0.4158284599293438
VHL10619,11.211922518448773
VHL17912,25.366351259871863
VHL18164,10.888252970506073
VHL14504,2.5877935165335657
VHL18885,13.75077325209395
VHL10118,10.800162814663963
VHL17852,6.4725858936990335
VHL18834,17.536013508086853
VHL11508,2.8307798646915217
VHL17633,-3.766356469301172
VHL15893,9.824128771596861
VHL14089,25.30716608440389
VHL18800,35.40886449090658
VHL12314,-7.6105595902404275
VHL18047,20.03553965558467
VHL11118,8.41476531105036
VHL17922,11.075659184841697
VHL17121,-4.005341326532289
VHL13960,10.253714444294928
VHL15350,14.11284110991619
VHL17939,6.626390764296957
VHL11888,7.236919358954765
VHL17044,3.8177523570320773
VHL10290,31.184725749770678
VHL19497,18.847926689050382
VHL17807,17.170076874580445
VHL11467,42.988744321239665
VHL14703,25.520713664907362
VHL17518,7.479516593951303
VHL19578,-5.113726128843609
VHL10425,20.848099176210326
VHL11304,-6.729715229652356
VHL10086,11.08955252688429
VHL19512,0.31765194787385553
VHL13350,7.8585140649361165
VHL12694,42.966437997319645
VHL12838,36.0740049724468
VHL16255,-7.661833484842646
VHL15196,24.283958135059493
VHL16844,15.721963045983102
VHL10977,12.935447139103417
VHL18145,14.244046431746028
VHL12297,-4.339382652782206
VHL15274,16.092036292099237
VHL15478,18.494073432932964
VHL16940,0.42631275890971665
VHL14407,-5.077298068339132
VHL19544,12.962134269135277
VHL10519,28.947080711941908
VHL16928,-11.88454953853352
VHL11692,1.614351004418495
VHL15180,11.890836127998682
VHL19040,6.782851325453521
VHL11628,7.1813135806587525
VHL19845,1.663597230347932
VHL16574,39.60956696945277
VHL14807,10.366705408332564
VHL11188,17.17825363076099
VHL18077,27.352046915619212
VHL14836,8.14485441968418
VHL13406,6.217736793974382
VHL18365,-10.107663767279973
VHL18328,0.16793490059717442
VHL14695,1.603888573443328
VHL12724,16.90950690710588
VHL10202,-0.06090149298097458
VHL12815,1.6127926796048087
VHL12630,12.594398305494906
VHL14283,21.277142348942107
VHL18698,3.3520013388092593
VHL10141,0.6872157294928911
VHL16204,11.804478744840253
VHL11310,19.09897867770178
VHL18878,8.709158355182808
VHL19310,15.315444413199657
VHL18219,9.16561045628805
VHL13108,8.903509313839095
VHL14070,26.693222369578052
VHL16891,-3.1515067358932356
VHL10398,7.093237610772576
VHL12755,6.1479874242140795
VHL12995,3.663771313052166
VHL12158,2.632022686057553
VHL17814,30.571937888080356
VHL15098,-14.172671821694621
VHL13066,23.010777761337522
VHL13362,4.406563825085868
VHL13443,-15.012090118977994
VHL18173,-4.644963085836025
VHL16277,23.582471229837665
VHL17380,5.994683990911653
VHL18129,5.438396604094578
VHL11891,-7.3622495531571985
VHL11042,13.328622344976338
VHL16137,12.322324844919876
VHL13400,-4.867963836952185
VHL19399,21.34085071078789
VHL16723,3.1561652945097194
VHL12416,18.95439261238107
VHL10350,-1.442915654776698
VHL13811,0.28887657899349506
VHL13916,7.944657587254824
VHL11857,-5.8543156349924175
VHL12040,1.8704739147806322
VHL10872,21.288275242354302
VHL14351,25.60893509155403
VHL18230,0.30419984021273194
VHL14851,31.58614133517449
VHL19426,8.174395847782762
VHL12795,12.263040260605976
VHL16882,26.27027412103007
VHL15924,9.323744786750467
VHL10807,-4.8916979733076005
VHL10611,5.142673328508863
VHL15296,2.0017058238104255
VHL11333,7.429417798692157
VHL18616,5.640049327741053
VHL15633,0.2306397516817924
VHL15157,2.85738847847324
VHL16982,-11.832322431760986
VHL13879,30.60468823800511
VHL17585,10.822572580423184
VHL13116,5.001106063443331
VHL16982,2.275746650441306
VHL18017,14.559556175147918
VHL19155,22.939034317742426
VHL19997,-1.3176668144533323
VHL19660,14.068074570359386
VHL19990,12.81263650209712
VHL13582,6.451031077852804
VHL15998,20.45621106846511
VHL13285,-12.982669662971148
VHL16586,1.254468735791761
VHL15120,6.4501435772072
VHL14954,14.729706511603581
VHL18066,-12.711946449772313
VHL13559,11.825686228767154
VHL14707,21.31340485373721
VHL12562,17.900898949342718
VHL15527,-2.5154482373700375
VHL12878,11.407887027499783
VHL12507,8.129369153450625
VHL14699,-9.753240500447191
VHL14730,20.44430276656476
VHL16614,8.511692551613578
VHL13024,14.27295891675567
VHL19915,15.408575854583887
VHL13101,-0.4986996360125886
VHL13052,3.715360207374488
VHL19820,40.93800156647603
VHL11562,9.472509645962873
VHL16424,13.239446500099348
VHL10876,19.579741739440124
VHL12199,11.531771051324085
VHL17320,13.694786667297194
VHL13599,-9.131338892757867
VHL15761,0.9988581722168419
VHL12114,-0.8649997229945257
VHL14797,0.5972962833093334
VHL10360,26.440923937293064
VHL11344,26.205182068718386
VHL13709,-0.17150204570179994
VHL19962,17.005000201697385
VHL11021,-2.306283013842858
VHL11988,9.567448520874223
VHL18459,2.9209899235916055
VHL12547,16.876929359421865
VHL17688,21.86512330589494
VHL10267,12.368500999614298
VHL17363,22.75656367514648
VHL19946,15.501695406589988
VHL17698,13.827781257354218
VHL10234,-17.29196118971231
VHL13897,26.265965867684827
VHL13543,-1.5217506169160515
VHL11002,14.549690230780925
VHL19102,10.944610249428479
VHL17633,46.085979786353164
VHL18124,9.4307100798178
VHL16120,2.5426941274095043
VHL19186,15.757067602574352
VHL18664,13.591345333023128
VHL17083,41.48270399639114
VHL13077,15.58262224171358
VHL17267,8.529589645780561
VHL18565,23.016021255018586
VHL13814,11.085896221793064
VHL18967,18.533073331007017
VHL13503,5.4517890562788125
VHL13644,-5.558919972652802
VHL17079,-7.08458466202228
VHL15239,12.042718251847873
VHL17245,-7.4026664920652365
VHL10153,45.435961476725424
VHL19693,11.493483992811434
VHL10773,3.1698959202731203
VHL11413,7.73272634107343
VHL10223,8.510080949793064
VHL18530,-7.501774940345513
VHL12551,12.9273465124229
VHL17602,5.718754803608135
VHL13375,20.77458961347338
VHL13337,26.408769764713725
VHL18551,25.575631554023857
VHL17882,3.231361845741503
VHL17761,6.125267927708592
VHL12646,0.758127155155762
VHL15219,12.778907890567098
VHL14365,14.059473315212927
VHL16915,2.5989566181469854
VHL10906,0.7393428248251439
VHL13513,-3.354159368576802
VHL14542,14.468340525711028
VHL14200,10.203655301065737
VHL18013,18.72951004623974
VHL14772,9.610944293235207
VHL13641,15.99822281393699
VHL15001,-0.12005456760789457
VHL10409,4.692310770176391
VHL12698,10.931371005619894
VHL14128,6.024121753839609
VHL10621,2.545594043649089
VHL13729,16.11640135464677
VHL16191,24.238855144103127
VHL11188,12.981673786510328
VHL14810,21.944725213869333
VHL16357,-44.96242225672859
VHL18353,5.664419191410161
VHL15843,1.5513199951114984
VHL10210,0.7487080588589379
VHL17457,8.448359043376058
VHL11022,14.829958181606344
VHL16541,1.2422030414754772
VHL17647,-4.754545422728825
VHL11229,27.78424088735528
VHL17996,-0.9120309967584035
VHL17089,-0.21287287284303602
VHL19543,17.262939390930114
VHL19715,22.29301136470849
VHL17944,13.231529591209437
VHL16820,21.81831864235164
VHL14857,21.34755443553604
VHL17512,5.016230098043707
VHL16649,19.64305030083915
VHL14838,21.089064062011857
VHL14568,3.4608766489923255
VHL17525,11.174605513016104
VHL16117,15.282754140414
VHL13135,7.492406867174395
VHL19812,7.067945270412565
VHL17027,9.915731481969942
VHL14654,3.9886505934200613
VHL12420,10.300802829578515
VHL10360,14.476724611178724
VHL13629,17.52631113608095
VHL16737,17.441586248493422
VHL15446,13.036508911021429
VHL10946,0.5641196748179027
VHL13953,-14.70393769914972
VHL17303,24.078834014559106
VHL15447,-1.0587109756984319
VHL12854,12.04025030513958
VHL12567,4.481807514052434
VHL19137,2.9022558817373465
VHL19411,7.9644813001423245
VHL10923,-1.7217582027824392
VHL17236,7.661356603899094
VHL19462,26.043484610091582
VHL13097,0.7620640756922512
VHL19969,5.286420678331524
VHL11860,4.605091332712618
VHL18943,7.141179785945042
VHL11672,16.913075976919117
VHL10815,8.207794768389704
VHL16245,10.449023043151556
VHL14969,21.314473169057237
VHL19652,5.112662961301794
VHL11330,6.390419073356497
VHL19827,18.37465821352407
VHL10484,-0.7314648531305465
VHL11394,-8.698529129435428
VHL18787,31.207702825359775
VHL11803,5.1198646854854815
VHL12784,21.89358786079856
VHL17216,15.916362085755281
VHL10033,13.628442398120114
VHL11776,-25.56325214397839
VHL14947,11.8829025141672
VHL17522,6.95893831874173
VHL14197,-0.6986249760020655
VHL13071,0.2509386330439156
VHL17406,-4.016559397997298
VHL12174,16.88328963242202
VHL12440,-1.9100653749028424
VHL12462,8.86305945245931
VHL12158,7.876489124746513
VHL14899,2.098963569475927
VHL11281,18.932180088818313
VHL10913,18.78142310667954
VHL19630,4.157095654528348
VHL19709,3.9598906292408174
VHL14819,11.670141449593757
VHL15381,-5.912355866445068
VHL14781,-3.691296665887876
VHL18728,11.699753842863174
VHL16520,-5.1578323752301
VHL10643,39.41181404716053
VHL19438,22.848526896858402
VHL14103,-8.288850411952353
VHL19088,14.187144034055109
VHL15456,12.132287722301953
VHL16411,22.699645266142852
VHL19044,-5.518844142840862
VHL15194,22.94237792085687
VHL11490,9.411777763717964
VHL13904,5.766502403459526
VHL15148,19.575969493334924
VHL10918,12.342711341765153
VHL19119,23.12978062052116
VHL10313,12.889040582520465
VHL17176,31.744167298839784
VHL17166,4.11061703489986
VHL11166,-1.995500189046652
VHL19144,14.48595347568471
VHL17259,34.38120095970771
VHL11965,22.994335818406398
VHL13791,5.628325177342049
VHL12309,15.239299115831273
VHL18687,-6.122085808818156
VHL10199,17.136866432989336
VHL18562,10.819051226891588
VHL14042,15.800132693722844
VHL19017,9.445580432864972
VHL18805,-0.080048131800595
VHL18622,23.10693847202583
VHL14045,30.23295706314093
VHL17010,3.959261448876987
VHL16993,-1.9491380650865722
VHL16050,3.8720482529361107
VHL16363,-3.590225394704703
VHL10287,-5.604066715357476
VHL19873,20.89747063892446
VHL15450,9.808487895886174
VHL14789,9.252021890246397
VHL14379,-5.24622897753261
VHL10911,5.594957007977428
VHL10449,19.22584180615422
VHL19705,19.77808281374746
VHL14766,15.844485720618195
VHL16203,17.009688971229025
VHL14855,4.440336354761712
VHL14661,46.267370795506395
VHL19859,-16.030619669875705
VHL14028,-4.574750573823621
VHL14991,-7.241244055248899
VHL15291,4.768526808538809
VHL16047,21.021012699674884
VHL12253,17.23094813697162
VHL10428,10.331034873212957
VHL15237,28.744537664868858
VHL16101,14.58329816111609
VHL16143,19.918078361642074
VHL10257,18.845300330071495
VHL16662,36.45814576999919
VHL19799,31.11021452518071
VHL14241,7.017762682697594
VHL17705,14.75856959817338
VHL17529,-5.731451208629096
VHL15191,3.7912117409696293
VHL17451,8.981073185189416
VHL17879,9.221149157439413
VHL19264,10.007367138246991
VHL19009,24.175137346492647
VHL10568,4.182324847216478
VHL19545,13.839979671439323
VHL16822,10.013145793892818
VHL10957,25.211153196263695
VHL15607,3.572862308123149
VHL12093,43.827794837127385
VHL19096,23.916714797630448
VHL18288,8.058170252661967
VHL11310,8.73318911631668
VHL19333,13.443113631575216
VHL13823,24.021861347589493
VHL19965,1.415450926885569
VHL16917,8.334593359267728
VHL11177,-10.795366899693363
VHL16853,28.75363635461099
VHL18554,42.37075667172439
VHL18562,25.27748668572667
VHL10753,9.612617803789362
VHL16804,8.805577753131729
VHL18774,19.468532830531785
VHL15561,11.321690171161663
VHL12265,14.210059638871371
VHL10021,11.224896722555059
VHL18216,4.182324847216478
VHL18297,41.48270399639114
VHL15781,0.06925110995598516
VHL12134,9.746458399188668
VHL12909,4.550407452700256
VHL19963,27.71242601623544
VHL16014,1.534163304892445
VHL14675,8.470376909356219
VHL19999,-5.777069909914644
VHL15433,4.005816259044877
VHL12937,6.414401336818173
VHL11373,26.35809689552525
VHL17859,3.521140826112969
VHL10314,17.051248927785764
VHL18773,22.80042458479238
VHL16942,4.467125434221089
VHL18334,1.208026257448637
VHL17910,0.889005323092988
VHL18494,14.214626902148211
VHL12860,-3.3080107739465348
VHL10204,23.125553053712792
VHL19924,17.851212797887
VHL13255,3.4462816434620436
VHL12057,19.43179344473174
VHL19296,21.065665462495417
VHL10104,13.462503149517943
VHL14185,13.777445164584151
VHL15914,-4.593069503517654
VHL11633,8.45429540429086
VHL10331,-8.314194779851732
VHL15981,10.491306150891887
VHL18376,10.294057126566258
VHL14890,9.21309841613811
VHL14283,22.91554690785233
VHL15877,-9.603421426050772
VHL10019,10.632350608994784
VHL10439,-0.6136236206098147
VHL18436,44.12403410701927
VHL11989,6.592546118689825
VHL19813,15.175484332061387
VHL15869,14.6944786289896
VHL13464,4.222718024380811
VHL14974,11.93199475228721
VHL13446,1.7884948153009645
VHL11326,2.663228587175581
VHL12561,-0.6143347340703258
VHL12421,11.590248272725603
VHL15061,11.413454685027318
VHL16174,12.00253293593505
VHL14500,21.699310698958016
VHL16937,18.001095897084724
VHL13576,21.294222975065622
VHL12458,7.204155777292726
VHL11965,9.048618888745295
VHL11890,0.313974033233535
VHL14930,3.9881576723983017
VHL16445,13.358303100817011
VHL11308,23.61943598299422
VHL17652,16.902170177992502
VHL13004,25.31663194991279
VHL10262,17.510991939448104
VHL13111,-17.966849586832268
VHL13568,12.368403641172335
VHL12606,10.002163866698538
VHL15786,11.493745972074066
VHL11054,29.802554045852958
VHL15167,-1.4999738743376838
VHL14716,40.373738614440754
VHL11763,7.7413049903880164
VHL17885,15.888651174631832
VHL16048,18.09822330997804
VHL17032,6.204118586772893
VHL10344,14.119729055913922
VHL13463,5.564165964134645
VHL12903,7.025186040899371
VHL14551,28.52007893589962
VHL14763,10.053926279739699
VHL19270,14.535418972815933
VHL12817,20.4541836654671
VHL18354,5.853763988779974
VHL12185,-1.3121677741733038
VHL14983,19.44695290120262
VHL15530,7.624058588062326
VHL15827,14.371380044228317
VHL14886,26.91938639383625
VHL17643,7.408291320877197
VHL16987,12.933783640520232
VHL14294,21.45807305170547
VHL16175,27.356804521972663
VHL18639,3.8209964896695965
VHL13640,6.6296177481649465
VHL17895,-4.925008656185128
VHL19307,-0.3265353313217929
VHL19436,-13.336797338311044
VHL19809,21.310997315944405
VHL10638,-12.810207031158825
VHL13859,-2.1227710785501586
VHL11640,5.827680990136287
VHL13661,5.7601529236721944
VHL15523,2.5451120318125504
VHL12838,16.19157743902133
VHL11312,15.812157054686395
VHL12699,15.57138037484492
VHL14640,-16.979478843376455
VHL17666,15.04569488408788
VHL14903,19.23070659208588
VHL13835,13.071882334099428
VHL15635,29.65017380092877
VHL19827,25.393892859934567
VHL14808,12.846547240005293
VHL16208,4.182324847216478
VHL18605,3.290345140062527
VHL19751,17.825372850772965
VHL17664,22.07391920236023
VHL12588,14.540933985193533
VHL17702,21.75293447578997
VHL10842,7.869357260399283
VHL19609,26.955793303879545
VHL12767,-3.1315755401024035
VHL13680,17.054215877757997
VHL13507,0.7500017396359908
VHL16160,21.515713162336397
VHL13555,-22.009528756610962
VHL18088,11.54777127565194
VHL16428,7.761611253487899
VHL11278,-17.663382745220588
VHL17567,10.686987739957203
VHL16715,7.448058157720425
VHL15486,0.5665861344655241
VHL10286,13.509127859030741
VHL13344,1.470279161439521
VHL17544,7.87753168087238
VHL12579,18.810706383206707
VHL19966,6.60033677135516
VHL12989,-7.072116138077945
VHL18968,19.90717297716901
VHL16423,15.014573369610389
VHL15852,27.993915234541873
VHL16298,16.566276966168516
VHL13399,-9.452563861216731
VHL11381,33.80876065368011
VHL18329,37.712465191811134
VHL13335,1.9249953428461595
VHL11885,10.33345274144449
VHL19284,15.766290000376102
VHL12612,17.236201839828027
VHL15522,16.17405748144438
VHL16059,14.18220814642109
VHL10388,23.19503759748659
VHL10025,19.908167789871186
VHL14629,2.983912387611781
VHL10790,-3.2660341056275684
VHL17966,20.793626513990603
VHL12843,16.79130059037925
VHL11996,-3.5596976695392186
VHL15688,6.444718524724976
VHL13110,11.856367973187844
VHL19865,25.972106972519214
VHL13379,-1.4828383144722466
VHL18639,10.822729913173589
VHL16928,16.67998741381507
VHL11725,38.53481985426197
VHL11355,10.28183447227184
VHL17560,14.816061851023733
VHL11885,9.681468906088412
VHL12995,24.845089891221505
VHL11751,0.4017803846923016
VHL14633,25.430186124024203
VHL16853,3.4331411389734967
VHL14501,16.74532197410963
VHL13938,12.815082961988082
VHL12329,-7.1036397419265995
VHL10067,11.867613438483204
VHL19818,8.77945490128377
VHL12785,3.935134461221878
VHL13874,5.865357312667584
VHL18142,23.55895846338717
VHL14855,17.25996192192042
VHL12147,28.735489347090606
VHL15256,25.640791615578564
VHL13751,21.346043050992193
VHL17863,4.222718024380811
VHL13981,14.940927448819366
VHL18916,0.6846242622118552
VHL19492,13.312934167757248
VHL16004,37.49030174382415
VHL15913,-16.854608332597763
VHL16871,19.107152531885276
VHL11388,3.663771313052166
VHL15019,-10.89676095998766
VHL11934,-7.400363826916873
VHL19784,2.8978057382223597
VHL12593,10.929941117991348
VHL15836,23.197307965174787
VHL17034,1.878199435735496
VHL14607,15.133124634516662
VHL17105,16.64640517259022
VHL18773,7.275552630022048
VHL12684,30.201061409180056
VHL17154,7.989146136794716
VHL10849,9.632776190637287
VHL12067,10.480703036175328
VHL14247,6.327666010177381
VHL18581,9.423686142213683
VHL18516,10.496105677636933
VHL17684,-5.374679571934394
VHL17215,-3.832431019219257
VHL15232,20.794044364343335
VHL19310,18.895747826953084
VHL12120,11.458589054070671
VHL15455,26.241140633887426
VHL10132,5.457849320239347
VHL12356,26.825940255004298
VHL16995,28.637591643624546
VHL15752,20.78313405802055
VHL12151,13.374589216162349
VHL11902,44.644913227057714
VHL17808,0.7736235643574219
VHL17592,-3.0672590807971574
VHL16636,18.443437815897596
VHL11497,14.173317180754111
VHL17774,23.303868114392117
VHL15919,-1.077167209239633
VHL15172,-8.660409759512731
VHL11820,-4.835772630402971
VHL13093,24.873393588898125
VHL17445,19.558713312077998
VHL18989,-1.0684563948093455
VHL10713,-4.0939944882347845
VHL14240,-4.4380200524960856
VHL13501,2.6617266036550973
VHL18215,23.507859873098823
VHL14878,33.6355718178188
VHL19143,0.10704877003399815
VHL10173,23.624287297901446
VHL16962,15.780578535666791
VHL15384,4.64938637860314
VHL13844,12.513762556867732
VHL11998,1.2446011944903148
VHL10444,1.1651904664931862
VHL19655,15.888651174631832
VHL18921,10.663936839726375
VHL11774,22.261849291723138
VHL15490,-15.647238459374876
VHL18694,19.038600999391292
VHL10360,9.82545593625673
VHL18707,10.643562009473953
VHL15801,12.733989084995756
VHL17931,26.33418989272559
VHL16716,25.037245295867706
VHL11290,2.294263943297665
VHL18180,7.798965782210416
VHL19935,2.3966785575171343
VHL16593,8.162369270395175
VHL17349,-6.784507448814111
VHL18705,11.824731480591254
VHL18527,9.470919635232804
VHL18577,4.59415792103664
VHL15369,18.8206600293679
VHL16140,13.751805909435461
VHL11458,1.9164567577699927
VHL13652,1.067824636115347
VHL13470,23.96100960688773
VHL17609,16.334124438471463
VHL16953,-11.558569526032898
VHL19670,29.079269435967035
VHL16517,-4.328307137733191
VHL12631,20.015752343066197
VHL14338,-18.807569572607918
VHL13224,1.1993832070188546
VHL19157,8.923722431820352
VHL10266,-7.672040566844771
VHL11597,16.901961457900597
VHL16219,25.70590909485054
VHL12828,7.569161509614332
VHL10364,8.486184080438761
VHL11875,35.65703367832157
VHL10185,1.2385768617846225
VHL12097,16.852026891896458
VHL17691,-15.73353848719853
VHL15092,-1.7987729814585691
VHL11628,22.377390159321294
VHL13662,-0.01937965711340439
VHL11486,4.127287058654474
VHL18373,15.337665654237298
VHL16605,32.28615577649907
VHL14670,22.540524892644953
VHL19579,-4.876299046121403
VHL15504,1.36586995424841
VHL18831,-2.9788678588329276
VHL19404,6.040789226885863
VHL11218,12.797179653846797
VHL13869,43.3104336297165
VHL19846,15.354954471778
VHL11677,11.03934779511701
VHL17416,-5.583759710348204
VHL13175,2.4131360427586515
VHL17965,16.405607077789227
VHL19048,8.667016595533823
VHL18117,-1.5497590874347225
VHL16742,20.364671037417793
VHL10339,9.331393651196777
VHL14079,7.937699547078864
VHL17034,10.84235870413795
VHL15903,0.9623716811684062
VHL14643,19.199091671475344
VHL19176,11.120978877803736
VHL16293,13.846696119684111
VHL16573,3.3248798928825636
VHL10615,5.237866735863918
VHL10834,18.54456509863303
VHL13200,14.150021764201938
VHL18949,23.30363031590423
VHL14402,-4.378729390274202
VHL16439,10.189564244748908
VHL14135,21.547312413646978
VHL10015,-14.291717335193425
VHL10388,-2.963320795036907
VHL17226,16.92671284137441
VHL16884,39.534796473682945
VHL18216,4.478292113000407
VHL19751,6.267996236763338
VHL11071,9.801771447641386
VHL16489,21.764587056391974
VHL12578,23.777136333283124
VHL10582,21.94234900760739
VHL19617,33.17730353233128
VHL14437,20.84509426360728
VHL11749,3.4500154967754497
VHL18131,20.166625302419106
VHL16700,17.111025980209888
VHL14166,22.80042458479238
VHL19100,-0.27274718920352825
VHL11100,15.752587616208984
VHL17954,25.56046643445916
VHL15065,19.164889943839626
VHL14908,26.624555427559244
VHL11925,19.577515176416
VHL12725,44.2115771084259
VHL17558,4.6765163871059485
VHL12989,14.653616768068332
VHL11734,22.657089242215534
VHL15324,17.46581185847799
VHL19720,9.033042226545604
VHL17274,-19.52304995694203
VHL10206,18.447116850254133
VHL18355,13.455182500442788
VHL16634,4.203202835198681
VHL15037,1.2542298314292566
VHL19446,17.555202786068094
VHL11255,7.4182444801263046
VHL18968,16.51021185349464
VHL17262,4.385900862773724
VHL19635,15.55097809460949
VHL13636,4.916615962034939
VHL14827,22.14742009359543
VHL13630,13.466007509908195
VHL18929,4.5973239253366955
VHL18493,30.449172784029543
VHL11970,20.98638237546629
VHL18557,3.4098499339224873
VHL16603,19.469949097990593
VHL10144,4.124737340205684
VHL19283,-4.06194586349784
VHL14957,10.982775314614628
VHL14521,-14.762259780783097
VHL14631,12.842314921761044
VHL10741,7.381854954875507
VHL18773,4.52419836861236
VHL15546,9.33620626622951
VHL18796,14.200532571249823
VHL16777,15.23203052363533
VHL12667,-6.00522170062186
VHL11806,14.490144695576419
VHL16241,-15.57764710045467
VHL11602,18.839309674210654
VHL10361,14.82330422726136
VHL11563,0.711166307685744
VHL18781,12.506582580704162
VHL11605,-8.754502608675011
VHL17566,5.59994783129423
VHL14925,14.712649805174806
VHL17378,26.906472599190693
VHL13933,4.6666046697619095
VHL15621,15.86864903195874
VHL11212,17.649964717599232
VHL17047,-5.9117213100098525
VHL18495,12.14831045975825
VHL11789,27.77374633276804
VHL18812,-12.437263922595776
VHL12003,13.79864004974388
VHL17763,11.666597150128837
VHL10234,-0.8703569224740022
VHL11820,20.268646747239472
VHL15612,8.835560948401962
VHL16969,9.357384441246268
VHL15883,30.990135512278357
VHL16910,15.56809842918392
VHL15537,32.02083372921152
VHL19483,10.802341259855439
VHL19061,43.356865500992626
VHL10122,45.54499652014783
VHL18413,11.683433568011878
VHL19153,8.505735626895785
VHL16118,9.68442421338159
VHL11390,12.72544257673053
VHL15701,-10.528485446208833
VHL12322,31.241285066584624
VHL18493,26.84661879676287
VHL18230,8.692949381947074
VHL10567,0.7110183585605228
VHL16862,5.371442278471022
VHL12040,19.65219886943396
VHL13506,14.660495236227234
VHL13379,20.260270703142396
VHL16540,7.403068471512142
VHL14882,5.761237880370118
VHL16979,7.138994203186485
VHL17108,5.0874861721231355
VHL19862,2.702178366812859
VHL19541,-5.0843807970950365
VHL16650,10.346964292887606
VHL18976,22.051312717760084
VHL15984,12.23752099916237
VHL13017,15.120410284088848
VHL12807,17.59876180317906
VHL16571,3.740038751564043
VHL18496,2.9754642151842745
VHL19085,0.9532441669934997
VHL15655,20.804960280866908
VHL10274,14.69820194883323
VHL17927,22.4658717124712
VHL14169,3.2647809139880337
VHL10088,21.219776789562275
VHL19133,-5.522233553368551
VHL10124,-6.589516790001653
VHL17800,39.62946032036325
VHL12549,5.3350287648190715
VHL10900,13.333497221419748
VHL16654,-8.070141227982731
VHL15178,11.755987634163375
VHL10370,22.86885860716984
VHL19083,-0.18147763902834413
VHL10667,42.884705324102015
VHL11177,3.46410615730656
VHL19621,9.246680657362958
VHL19834,9.728423191106685
VHL18831,-11.593480550098775
VHL16058,16.162565429997812
VHL15327,9.741533820392306
VHL10566,2.453899587011165
VHL15911,11.168511623649465
VHL18703,8.871971926652805
VHL19494,7.303756725612402
VHL16292,30.316703134240015
VHL12417,11.620093496827394
VHL16694,16.82407731362173
VHL16876,21.21302361738799
VHL10394,-2.6096451493626773
VHL18192,-8.102077098520567
VHL18989,-1.3522792386324909
VHL15531,6.696676459216178
VHL19945,12.150298623874733
VHL15352,14.024765188729816
VHL10470,8.469698743435401
VHL12910,31.837856160870615
VHL19260,17.486570263527028
VHL18747,23.859854567417187
VHL10865,19.98089884141882
VHL10512,25.88631682773166
VHL19176,-4.603561365714086
VHL18494,1.3280402798636715
VHL14953,3.863301815039904
VHL18146,16.854498906723165
VHL10753,14.742758729909838
VHL13266,20.12076788441891
VHL18142,22.08540623223189
VHL12499,3.663771313052166
VHL11132,10.009784895587472
VHL16161,-21.443579564700485
VHL16332,6.233322386274267
VHL11947,42.836918058073024
VHL15516,12.992966613296176
VHL15620,43.94269645185477
VHL11334,13.363987592099875
VHL14676,11.171697080745162
VHL18063,-11.081366388810693
VHL11305,19.038091844754035
VHL17190,-12.14630574439434
VHL19509,9.092722920845972
VHL13065,10.597369350913596
VHL16948,3.030773399213558
VHL18753,0.10433838245671723
VHL13306,-9.257736916122212
VHL11296,-9.409597954909259
VHL14799,24.331807096460125
VHL16629,41.27278382859731
VHL12469,-0.7995751385415133
VHL14725,-2.2855431777707054
VHL15360,-12.676508342139186
VHL12472,-11.384973633698337
VHL17694,5.5507330676446145
VHL19367,-2.044541892912548
VHL13921,16.910744959863223
VHL18424,-5.253552709583346
VHL13215,14.101223287944777
VHL19720,11.870173165686083
VHL19474,5.688433401781822
VHL14718,1.7382318928803215
VHL13614,14.515889828854597
VHL15761,-20.752298368885477
VHL15481,-3.3285309105895067
VHL10583,-6.465142290343465
VHL10999,8.620317041054022
VHL11387,-6.721150907003903
VHL17201,13.71614982527035
VHL11541,27.758790679968115
VHL11491,8.793458618432851
VHL13571,-11.305319306108231
VHL17798,19.059468785379522
VHL11615,-14.277528537556918
VHL17412,13.106634056220628
VHL17680,39.890392144753605
VHL13091,28.943150555814555
VHL13434,-2.6328278117321133
VHL15052,10.629490081800668
VHL11742,8.444772048883806
VHL11925,10.069815953311263
VHL12016,16.3219677090201
VHL17513,5.81110663837535
VHL10564,-15.766204422674036
VHL14087,-18.401284729754025
VHL18246,17.905184810394985
VHL10468,24.31310712280947
VHL18823,3.999176175912453
VHL10264,21.709058832504525
VHL15285,15.771374262966674
VHL16403,39.6630682972268
VHL14260,27.960087078675315
VHL16390,-3.0333639475211385
VHL14383,0.10216882428267127
VHL12924,12.558803839303891
VHL16793,-11.056218499696115
VHL19286,-0.5805506186993625
VHL11692,34.290497922510895
VHL19565,-1.987270821227412
VHL12271,10.146237510531591
VHL16387,4.969802840972534
VHL10067,-8.396442413376462
VHL11055,28.30564039044475
VHL16282,6.872372777674627
VHL10373,4.6707257916827984
VHL13130,13.490724362700348
VHL14791,6.729782185275326
VHL17669,46.03922899004692
VHL10245,10.853729059670513
VHL13394,1.162528164471496
VHL13369,14.513564149901867
VHL12230,21.076188621555048
VHL15024,-14.893068457476602
VHL15401,17.092436396862922
VHL17830,11.666597150128837
VHL16594,-1.842247592896456
VHL13400,15.330525203688921
VHL13413,2.8871800162005457
VHL11338,19.217247977403076
VHL12928,15.454280975120582
VHL14141,24.606878277807482
VHL13196,40.13110070712992
VHL17193,15.829849747353819
VHL13848,17.356278195966297
VHL15690,14.559556175147918
VHL14292,13.239177397625554
VHL10249,37.912261118646256
VHL16684,-2.745733987526819
VHL13663,-3.026355818682987
VHL16780,23.372923477544646
VHL15195,18.21422913164497
VHL19709,-12.404388655458206
VHL16300,11.677477694876416
VHL18402,3.424731887224425
VHL10408,24.60379565984522
VHL17856,14.909912885852918
VHL12909,21.345507880339028
VHL17579,22.396813627212396
VHL14360,8.024376447373015
VHL16170,21.35216432936795
VHL11625,16.423515707513616
VHL10141,-2.124559064985533
VHL13372,-22.130014094513626
VHL10702,17.238685228076974
VHL10168,11.430406059881534
VHL17506,19.30024709893587
VHL19811,17.15844076944404
VHL18898,-11.482156716534973
VHL14976,14.03614603417509
VHL19528,18.5563370705122
VHL14747,-3.730878720185501
VHL12298,7.538607576290815
VHL12897,44.18471131544629
VHL14501,-2.215897957038578
VHL19230,23.50538147843463
VHL17122,5.832499510811431
VHL13093,8.530511437486894
VHL13713,4.473822795230717
VHL10827,10.800904437588997
VHL14671,5.5584629039390165
VHL19953,-10.004033293156226
VHL14674,20.184323766758098
VHL19651,11.94807878581878
VHL14860,26.78167058161489
VHL15452,13.279144835094485
VHL11031,0.8302096046395491
VHL16763,9.503354163180575
VHL13764,23.788392612985263
VHL12562,8.862224888133369
VHL11827,-9.98876216686267
VHL13929,21.515607562485002
VHL10039,25.84097088745466
VHL15009,25.185192793876922
VHL13821,13.096308481574852
VHL14348,-3.964758178301963
VHL16840,16.517851925519608
VHL12002,10.566668588582615
VHL10237,-6.235808939731669
VHL18738,-0.2322088912842446
VHL10568,15.852930322043903
VHL19355,-4.356518327635968
VHL16226,19.573245277585556
VHL16719,-0.3056471850345588
VHL14548,2.328166001718728
VHL16912,26.66835716897367
VHL19505,23.70201096386154
VHL16442,-7.639163569698667
VHL16825,3.8299863992388055
VHL12658,25.453704196888793
VHL12481,22.916725773091457
VHL18658,22.70415849289475
VHL15493,-1.4380736288339904
VHL12577,31.434712558873798
VHL13844,7.550970814724224
VHL12544,-0.9283210557960047
VHL14450,13.783240558747366
VHL16818,5.020409538375134
VHL18694,10.344719704605268
VHL13597,42.41406919299425
VHL15898,8.855662105404917
VHL18680,3.7339549097387135
VHL12465,22.578434366602323
VHL12148,-4.7936016587837
VHL19876,4.144777707977482
VHL19612,15.586653808772098
VHL18169,29.445581427768957
VHL13267,6.559054304014808
VHL14640,2.6168962029050817
VHL15593,17.09106835286957
VHL16387,28.24898754146625
VHL13148,16.027007561173832
VHL11142,0.6650087162697673
VHL18659,2.0178407230732773
VHL13899,7.782656717265581
VHL18985,9.145220415887252
VHL17250,3.9159981639872967
VHL17539,6.1172017953422255
VHL18609,7.49871726730953
VHL11948,-1.7766839695073031
VHL11525,7.222719070055064
VHL12806,17.830697568264895
VHL19564,22.565840477159327
VHL19054,16.827545277332774
VHL18679,2.8073881200425603
VHL19665,9.307089139466825
VHL12463,2.3676697216906177
VHL10753,-7.556103865985278
VHL11312,14.426490068985913
VHL12620,-4.049330932917201
VHL17592,-7.610352573868568
VHL11746,5.910836627763274
VHL14332,-9.312024524208937
VHL19959,5.225551381090554
VHL16741,1.928383166160529
VHL10763,9.730056450275242
VHL17541,6.634217759132298
VHL11701,27.90997364361374
VHL10194,6.210322463262855
VHL13479,21.804285639691898
VHL15975,1.0844251293274283
VHL10231,7.959727652566926
VHL18446,-1.6314689179575907
VHL19365,29.50086492092896
VHL12815,6.243401056701714
VHL17210,14.533552661317572
VHL14273,-0.12857959300845323
VHL16001,7.043691029434285
VHL17232,25.875480511304886
VHL17877,1.0621860754840782
VHL13772,8.717649241598338
VHL14502,1.603204293212002
VHL12140,6.0881827913462985
VHL12267,21.203261418247166
VHL18736,19.799520261330144
VHL17988,20.781446623803276
VHL11233,-50.796475117948376
VHL18205,4.180999938750119
VHL17229,6.0581550999104365
VHL12503,13.566356810639718
VHL16555,22.726247471390707
VHL11608,7.28441737021376
VHL13099,25.46076902516961
VHL10464,8.567903916979958
VHL13660,1.4499361411194513
VHL15246,13.616182327164552
VHL18351,11.890836127998682
VHL14567,8.554247163573564
VHL18076,-7.185922589529127
VHL15135,0.705558712531456
VHL14661,24.60271697766757
VHL13468,17.699447911209973
VHL18899,9.231468940227842
VHL10051,-3.517198441723849
VHL12127,0.12474222411810842
VHL12196,3.207887237183513
VHL17014,11.887163761682132
VHL11559,-18.14136562449812
VHL10059,26.647599380066367
VHL15739,5.804629434245726
VHL14808,-3.088285572348468
VHL15611,14.563163234683998
VHL14636,43.870645329272975
VHL11570,0.5174884285429471
VHL16463,11.043852486831383
VHL16394,16.780678917581554
VHL13693,10.766730240182369
VHL12291,4.482019674254843
VHL15561,-3.2834925454599215
VHL19493,32.7154504599398
VHL12756,14.481973771167304
VHL10950,4.502506183065634
VHL16866,-4.5625131844390125
VHL12609,21.94392478975351
VHL12574,3.3677339726955324
VHL17135,-6.480871395321628
VHL13752,17.403345276570235
VHL13546,17.143626848785516
VHL11097,7.206771384541753
VHL18181,5.910836627763274
VHL10940,8.669713619266076
VHL16905,8.332257256333378
VHL19185,11.37718177032275
VHL10923,18.272136030964248
VHL18309,-1.882573688807497
VHL19349,6.13614594740784
VHL13590,5.868962387036845
VHL20000,-3.2333315803002733
VHL12384,13.589605953037335
VHL13167,17.552812389954397
VHL18928,0.47870867223946334
VHL11333,6.914804910990824
VHL18531,-20.017506487839
VHL19725,-11.161711125749207
VHL13535,16.10822836473153
VHL15299,26.124406836962407
VHL19132,27.66307046776228
VHL19736,28.563613845695272
VHL11914,16.271544705683482
VHL14981,21.790758255506717
VHL11507,-9.30488271267268
VHL18768,4.452136169714777
VHL13208,6.62419544461136
VHL17200,18.45975257518603
VHL19398,18.6744951410692
VHL10666,25.88694836268087
VHL12919,23.77021496774205
VHL17972,15.388176686657062
VHL10315,13.723326812664709
VHL13868,-0.0985996771300961
VHL16268,19.517792333242596
VHL15979,11.223398681597246
VHL14334,5.147109564021321
VHL19984,8.224606562742792
VHL15905,18.61326994436058
VHL14849,4.182324847216478
VHL10077,-3.5266527593980754
VHL12763,23.384167479316602
VHL13814,-1.5992877590747412
VHL18236,7.9853026589180445
VHL18380,0.8566557307958647
VHL11075,-0.3563116408295173
VHL10482,19.651194253862286
VHL10117,8.699762112676126
VHL13673,-7.537408437440263
VHL17221,31.125305104799736
VHL11240,11.366214408690666
VHL12562,-0.6812347597751796
VHL13799,18.180679748001694
VHL13466,29.517443233457925
VHL14698,4.064367591513928
VHL15372,5.065757530209339
VHL13032,2.8841904944993075
VHL13600,5.646712565478083
VHL17335,7.2558187737640765
VHL15519,9.515256636843787
VHL19609,-3.9038371634860596
VHL12581,11.95896680843498
VHL18738,-1.03031702030421
VHL15107,-6.8705705364650385
VHL16177,19.429605463994903
VHL11709,10.466018859011456
VHL14469,4.9009848094292465
VHL13687,14.40603330244403
VHL16412,19.81880063310018
VHL14864,39.4605394570749
VHL15725,22.100799961703615
VHL17141,7.5847945055584205
VHL10991,13.286557371017352
VHL10678,-9.600907364100294
VHL13889,10.776170060740696
VHL17084,20.159362794220215
VHL15443,-3.1448930127826316
VHL10783,3.352805676263415
VHL19744,-0.07160114631233228
VHL18331,15.739874589949522
VHL16307,1.5478543630306376
VHL18003,6.67005167319212
VHL10838,16.82273419582043
VHL13320,43.9856382336493
VHL19953,-8.008516911621882
VHL19152,-3.4228487293598846
VHL15913,44.2115771084259
VHL15341,7.238851671027078
VHL14269,2.5965462597559963
VHL10263,25.96528256967531
VHL10559,3.966979373493814
VHL17221,10.221383398679336
VHL12379,27.23684960591163
VHL18253,-11.246272006698746
VHL11172,7.106775155954438
VHL17213,41.86530037302964
VHL18445,20.720177070146747
VHL10808,22.00865283463918
VHL13851,14.999883620956098
VHL18936,0.30717151243607077
VHL17750,-3.827996770235586
VHL14279,12.810475919983219
VHL17407,-5.294992765333518
VHL17737,19.542152753040227
VHL11196,5.525617230498483
VHL10773,3.402313776206938
VHL12028,27.563532910571666
VHL19833,-7.530691989195475
VHL13566,4.670878347552389
VHL18282,-3.151381345896425
VHL11015,-10.527857460433097
VHL16696,18.964962843107514
VHL13980,-11.246272006698746
VHL18337,22.284625721738394
VHL11330,15.614743265788093
VHL14873,13.505836264074787
VHL15435,1.5776286885511581
VHL13861,22.6093588292847
VHL12073,8.301354566014652
VHL15320,14.6141500402573
VHL17850,8.509564461608988
VHL16757,12.435167377090693
VHL15181,-14.195252711569992
VHL14613,-2.0407080192690046
VHL17238,-4.6915499026767975
VHL12083,12.838002532602786
VHL16344,13.165622412489029
VHL19413,11.635615914972732
VHL17430,10.113263314284723
VHL14996,14.437477605906224
VHL13423,-11.545273897488642
VHL13162,30.931968890196003
VHL14672,5.6036394177849616
VHL12020,8.459504434860719
VHL16103,5.150908697373779
VHL10650,9.805627368692058
VHL15234,9.172415322564575
VHL11305,18.457622060393078
VHL18180,16.090929978208806
VHL17458,-10.927824900583346
VHL15835,8.37118705869625
VHL17211,1.3890406018294925
VHL17209,4.903915879172473
VHL18693,5.928079321105088
VHL18975,15.685400308618682
VHL18976,10.324747496364125
VHL15391,6.15075641128351
VHL13071,37.746494770291974
VHL19241,16.799240038928474
VHL14944,12.204073824828356
VHL19128,22.051312717760084
VHL18577,-13.019927960951009
VHL15429,-1.9904499744484383
VHL12217,17.26002389142559
VHL15705,22.590979693434747
VHL19888,6.658528316285356
VHL11906,17.292149781233093
VHL15757,24.7115792358386
VHL11938,19.60166251350529
VHL10969,-3.301684962336367
VHL11777,43.73492168018947
VHL16275,15.708396953568808
VHL14235,2.775245594129501
VHL10496,36.855011809862845
VHL18481,5.079751240756195
VHL17185,1.8412192872838204
VHL15960,7.912882724991505
VHL11313,19.56990521712578
VHL11288,19.826244493083323
VHL12337,21.36423288112246
VHL14268,-8.146880829589463
VHL10015,24.890988881480553
VHL16136,10.643913859386885
VHL17903,28.2268499882548
VHL14018,16.163935167995987
VHL17473,19.51494977150469
VHL11480,17.489006978738416
VHL13881,11.787220377361336
